{"cameraMode":{"drawMode":0,"name":"Shaded","section":"Shading Mode"},"sceneLighting":false,"audioPlay":false,"sceneViewState":{"m_AlwaysRefresh":false,"showFog":true,"showSkybox":false,"showFlares":true,"showImageEffects":true,"showParticleSystems":true,"showVisualEffectGraphs":true,"m_FxEnabled":true},"in2DMode":false,"pivot":{"x":130.89060974121095,"y":2.5919055938720705,"z":-13.304736137390137},"rotation":{"x":-0.04225341975688934,"y":0.9496421813964844,"z":-0.27390119433403017,"w":-0.14645147323608399},"size":11.047886848449707,"orthographic":false}