{"cameraMode":{"drawMode":0,"name":"Shaded","section":"Shading Mode"},"sceneLighting":false,"audioPlay":false,"sceneViewState":{"m_AlwaysRefresh":false,"showFog":true,"showSkybox":false,"showFlares":true,"showImageEffects":true,"showParticleSystems":true,"showVisualEffectGraphs":true,"m_FxEnabled":true},"in2DMode":false,"pivot":{"x":-0.03678852319717407,"y":1.3071842193603516,"z":0.04836159944534302},"rotation":{"x":-0.042206957936286929,"y":-0.06529773026704788,"z":0.0027617732994258405,"w":-0.9969745874404907},"size":1.9652470350265504,"orthographic":false}