{"cameraMode":{"drawMode":0,"name":"Shaded","section":"Shading Mode"},"sceneLighting":false,"audioPlay":false,"sceneViewState":{"m_AlwaysRefresh":false,"showFog":true,"showSkybox":false,"showFlares":true,"showImageEffects":true,"showParticleSystems":true,"showVisualEffectGraphs":true,"m_FxEnabled":true},"in2DMode":false,"pivot":{"x":37.15963363647461,"y":1.9737434387207032,"z":49.128868103027347},"rotation":{"x":-0.09314697235822678,"y":-0.023610757663846017,"z":0.00225533964112401,"w":-0.9953987002372742},"size":11.547782897949219,"orthographic":false}